{
	"version": 1,
	"changelists": [
		{
			"guid": "00000000000000000000000000000000",
			"description": "Default Uncontrolled Changelist",
			"files": [
				"/Users/anushka/Downloads/InfiniteMatrixStarter 5.4/Content/InfiniteMatrix/Blueprints/BP_Player.uasset",
				"/Users/anushka/Downloads/InfiniteMatrixStarter 5.4/Content/InfiniteMatrix/Blueprints/BP_TunnelSpawner.uasset",
				"/Users/anushka/Downloads/InfiniteMatrixStarter 5.4/Content/InfiniteMatrix/Maps/TutorialMap.umap",
				"/Users/anushka/Downloads/InfiniteMatrixStarter 5.4/Content/InfiniteMatrix/Blueprints/BP_Tunnel.uasset",
				"/Users/anushka/Downloads/InfiniteMatrixStarter 5.4/Content/InfiniteMatrix/UI/WBP_Restart.uasset",
				"/Users/anushka/Downloads/InfiniteMatrixStarter 5.4/Content/InfiniteMatrix/UI/NewObjectLibrary.uasset",
				"/Users/anushka/Downloads/InfiniteMatrixStarter 5.4/Content/InfiniteMatrix/Blueprints/WB_HealthBar.uasset",
				"/Users/anushka/Downloads/InfiniteMatrixStarter 5.4/Content/InfiniteMatrix/Blueprints/WB_Score.uasset",
				"/Users/anushka/Downloads/InfiniteMatrixStarter 5.4/Content/InfiniteMatrix/Meshes/HealthPickUp_Cross.uasset",
				"/Users/anushka/Downloads/InfiniteMatrixStarter 5.4/Content/InfiniteMatrix/Materials/Mat_1.uasset",
				"/Users/anushka/Downloads/InfiniteMatrixStarter 5.4/Content/InfiniteMatrix/Materials/Mat_1_Inst.uasset",
				"/Users/anushka/Downloads/InfiniteMatrixStarter 5.4/Content/InfiniteMatrix/Blueprints/BP_Projectile.uasset",
				"/Users/anushka/Downloads/InfiniteMatrixStarter 5.4/Content/InfiniteMatrix/Materials/02_-_Default.uasset",
				"/Users/anushka/Downloads/InfiniteMatrixStarter 5.4/Content/InfiniteMatrix/Materials/03_-_Default.uasset",
				"/Users/anushka/Downloads/InfiniteMatrixStarter 5.4/Content/InfiniteMatrix/Materials/07_-_Default.uasset",
				"/Users/anushka/Downloads/InfiniteMatrixStarter 5.4/Content/InfiniteMatrix/Materials/08_-_Default.uasset",
				"/Users/anushka/Downloads/InfiniteMatrixStarter 5.4/Content/InfiniteMatrix/Materials/09_-_Default.uasset",
				"/Users/anushka/Downloads/InfiniteMatrixStarter 5.4/Content/InfiniteMatrix/Materials/13_-_Default.uasset",
				"/Users/anushka/Downloads/InfiniteMatrixStarter 5.4/Content/InfiniteMatrix/Meshes/Bob-omb.uasset",
				"/Users/anushka/Downloads/InfiniteMatrixStarter 5.4/Content/InfiniteMatrix/Blueprints/BP_RedScreen.uasset",
				"/Applications/UE_5.4/Engine/Content/BasicShapes/BasicShapeMaterial.uasset",
				"/Users/anushka/Downloads/InfiniteMatrixStarter 5.4/Content/InfiniteMatrix/Materials/lambert2.uasset",
				"/Users/anushka/Downloads/InfiniteMatrixStarter 5.4/Content/InfiniteMatrix/Materials/phong1.uasset",
				"/Users/anushka/Downloads/InfiniteMatrixStarter 5.4/Content/InfiniteMatrix/Meshes/Slime_Outside.uasset",
				"/Users/anushka/Downloads/InfiniteMatrixStarter 5.4/Content/InfiniteMatrix/Materials/lambert1.uasset",
				"/Users/anushka/Downloads/InfiniteMatrixStarter 5.4/Content/InfiniteMatrix/Blueprints/lambert1.uasset",
				"/Users/anushka/Downloads/InfiniteMatrixStarter 5.4/Content/InfiniteMatrix/Meshes/Mat_1.uasset",
				"/Users/anushka/Downloads/InfiniteMatrixStarter 5.4/Content/InfiniteMatrix/Meshes/cute-enemy-slime/source/slime_BigSlime.uasset",
				"/Users/anushka/Downloads/InfiniteMatrixStarter 5.4/Content/InfiniteMatrix/Meshes/cute-enemy-slime/source/BigSlime1.uasset",
				"/Users/anushka/Downloads/InfiniteMatrixStarter 5.4/Content/InfiniteMatrix/Meshes/cute-enemy-slime/textures/slime_BigSlime1_AlbedoTransparency.uasset",
				"/Users/anushka/Downloads/InfiniteMatrixStarter 5.4/Content/InfiniteMatrix/Meshes/cute-enemy-slime/textures/slime_BigSlime1_AO.uasset",
				"/Users/anushka/Downloads/InfiniteMatrixStarter 5.4/Content/InfiniteMatrix/Meshes/cute-enemy-slime/textures/slime_BigSlime1_Emission.uasset",
				"/Users/anushka/Downloads/InfiniteMatrixStarter 5.4/Content/InfiniteMatrix/Meshes/cute-enemy-slime/textures/slime_BigSlime1_MetallicSmoothness.uasset",
				"/Users/anushka/Downloads/InfiniteMatrixStarter 5.4/Content/InfiniteMatrix/Meshes/cute-enemy-slime/textures/slime_BigSlime1_Normal.uasset",
				"/Users/anushka/Downloads/InfiniteMatrixStarter 5.4/Content/InfiniteMatrix/Meshes/cute-enemy-slime/source/slime_SmallSlime.uasset",
				"/Users/anushka/Downloads/InfiniteMatrixStarter 5.4/Content/InfiniteMatrix/Meshes/cute-enemy-slime/textures/slime_SmallSlime1_AlbedoTransparency.uasset",
				"/Users/anushka/Downloads/InfiniteMatrixStarter 5.4/Content/InfiniteMatrix/Meshes/cute-enemy-slime/textures/slime_SmallSlime1_AO.uasset",
				"/Users/anushka/Downloads/InfiniteMatrixStarter 5.4/Content/InfiniteMatrix/Meshes/cute-enemy-slime/textures/slime_SmallSlime1_Emission.uasset",
				"/Users/anushka/Downloads/InfiniteMatrixStarter 5.4/Content/InfiniteMatrix/Meshes/cute-enemy-slime/textures/slime_SmallSlime1_MetallicSmoothness.uasset",
				"/Users/anushka/Downloads/InfiniteMatrixStarter 5.4/Content/InfiniteMatrix/Meshes/cute-enemy-slime/textures/slime_SmallSlime1_Normal.uasset",
				"/Users/anushka/Downloads/InfiniteMatrixStarter 5.4/Content/InfiniteMatrix/Meshes/cute-enemy-slime/source/SmallSlime1.uasset",
				"/Users/anushka/Downloads/InfiniteMatrixStarter 5.4/Content/InfiniteMatrix/Meshes/medkittextured/source/Cube.uasset",
				"/Users/anushka/Downloads/InfiniteMatrixStarter 5.4/Content/InfiniteMatrix/Meshes/medkittextured/source/Cube_001.uasset",
				"/Users/anushka/Downloads/InfiniteMatrixStarter 5.4/Content/InfiniteMatrix/Blueprints/NewWidgetBlueprint.uasset",
				"/Users/anushka/Downloads/InfiniteMatrixStarter 5.4/Content/InfiniteMatrix/UI/bar.uasset",
				"/Users/anushka/Downloads/InfiniteMatrixStarter 5.4/Content/InfiniteMatrix/UI/fill.uasset",
				"/Users/anushka/Downloads/InfiniteMatrixStarter 5.4/Content/InfiniteMatrix/UI/Health.uasset",
				"/Users/anushka/Downloads/InfiniteMatrixStarter 5.4/Content/InfiniteMatrix/Blueprints/BP_HealthPack.uasset",
				"/Users/anushka/Downloads/InfiniteMatrixStarter 5.4/Content/InfiniteMatrix/Meshes/Material_006.uasset",
				"/Users/anushka/Downloads/InfiniteMatrixStarter 5.4/Content/InfiniteMatrix/Meshes/uploads_files_1987427_heart_by_gustavo_belemmi.uasset",
				"/Users/anushka/Downloads/InfiniteMatrixStarter 5.4/Content/InfiniteMatrix/UI/ScoreUI.uasset",
				"/Users/anushka/Downloads/InfiniteMatrixStarter 5.4/Content/InfiniteMatrix/UI/black_square.uasset",
				"/Users/anushka/Downloads/InfiniteMatrixStarter 5.4/Content/InfiniteMatrix/UI/blue_square.uasset",
				"/Users/anushka/Downloads/InfiniteMatrixStarter 5.4/Content/InfiniteMatrix/Blueprints/BP_ThirdPersoonController.uasset",
				"/Users/anushka/Downloads/InfiniteMatrixStarter 5.4/Content/InfiniteMatrix/UI/Dark-Gray-Square.uasset",
				"/Users/anushka/Downloads/InfiniteMatrixStarter 5.4/Content/InfiniteMatrix/UI/light_red_.uasset",
				"/Users/anushka/Downloads/InfiniteMatrixStarter 5.4/Content/InfiniteMatrix/UI/WB_Healthbar.uasset",
				"/Users/anushka/Downloads/InfiniteMatrixStarter 5.4/Content/InfiniteMatrix/UI/HealthHUD.uasset"
			]
		}
	]
}